Gender,Country,Time-Zone
Female,United States,America/Denver
Male,United States,America/Los_Angeles
Female,United States,America/New_York
Male,United States,America/Chicago
Male,United States,America/Los_Angeles
Female,United States,America/New_York
Female,United States,America/New_York
Female,United States,America/New_York
Female,United States,America/Los_Angeles
Male,United States,America/New_York
Female,United States,America/Denver
Female,United States,America/Chicago
Female,United States,America/New_York
Male,United States,America/Chicago
Female,United States,America/New_York
Female,United States,America/Los_Angeles
Male,United States,America/New_York
Female,United States,America/Los_Angeles
Female,United States,America/Chicago
Female,United States,America/New_York
Male,United States,America/Phoenix
Female,United States,America/New_York
Female,United States,America/Chicago
Female,United States,America/New_York
Female,United States,America/New_York
Female,United States,America/Boise
Male,United States,Pacific/Honolulu
Male,United States,America/New_York
Male,United States,America/Chicago
Female,United States,America/Chicago
Female,United States,America/Chicago
Female,United States,America/New_York
Female,United States,America/New_York
Female,United States,America/New_York
Female,United States,America/New_York
Male,United States,America/Chicago
Female,United States,America/New_York
Female,United States,America/New_York
Male,United States,America/Los_Angeles
Female,United States,America/Los_Angeles
Male,United States,America/New_York
Female,United States,America/Los_Angeles
Male,United States,America/Los_Angeles
Female,United States,America/New_York
Male,United States,America/Chicago
Male,United States,America/Los_Angeles
Female,United States,America/New_York
Female,United States,America/New_York
Female,United States,America/Los_Angeles
Female,United States,America/Phoenix
Female,United States,America/Chicago
Female,United States,America/New_York
Female,United States,America/Los_Angeles
Female,United States,America/Chicago
Female,United States,America/New_York
Male,United States,America/Chicago
Female,United States,America/Chicago
Female,United States,America/Phoenix
Female,United States,America/Denver
Female,United States,America/New_York
Female,United States,America/New_York
Male,United States,America/New_York
Male,United States,America/New_York
Female,United States,America/New_York
Female,United States,America/Los_Angeles
Male,United States,America/New_York
Male,United States,America/Chicago
Male,United States,America/New_York
Female,United States,America/Denver
Male,United States,America/New_York
Female,United States,America/New_York
Female,United States,America/New_York
Male,United States,America/New_York
Male,United States,America/New_York
Male,United States,America/New_York
Female,United States,America/Chicago
Female,United States,America/Chicago
Female,United States,America/New_York
Male,United States,America/Kentucky/Monticello
Female,United States,America/Chicago
Female,United States,America/Denver
Male,United States,America/Chicago
Male,United States,America/New_York
Female,United States,America/New_York
Female,United States,America/Phoenix
Female,United States,America/Los_Angeles
Male,United States,America/Chicago
Male,United States,America/New_York
Male,United States,America/New_York
Female,United States,America/New_York
Male,United States,America/Kentucky/Monticello
Male,United States,America/New_York
Male,United States,America/Los_Angeles
Male,United States,America/Chicago
Male,United States,America/Chicago
Male,United States,America/Chicago
Female,United States,America/New_York
Male,United States,America/New_York
Female,United States,America/Chicago
Male,United States,America/Chicago
Female,United States,America/New_York
Male,United States,America/New_York
Female,United States,America/New_York
Female,United States,America/Chicago
Male,United States,America/Chicago
Female,United States,America/New_York
Male,United States,America/New_York
Female,United States,America/New_York
Female,United States,America/New_York
Male,United States,America/Los_Angeles
Male,United States,America/Detroit
Female,United States,America/Denver
Female,United States,America/Chicago
Male,United States,America/New_York
Male,United States,America/New_York
Female,United States,America/New_York
Male,United States,America/Chicago
Female,United States,America/New_York
Male,United States,America/Los_Angeles
Male,United States,America/Los_Angeles
Male,United States,America/Los_Angeles
Male,United States,America/Los_Angeles
Female,United States,America/Los_Angeles
Female,United States,America/New_York
Male,United States,America/Denver
Male,United States,America/New_York
Male,United States,America/New_York
Female,United States,America/Los_Angeles
Female,United States,America/New_York
Female,United States,America/Chicago
Male,United States,America/Chicago
Male,United States,America/Chicago
Female,United States,America/New_York
Male,United States,America/New_York
Male,United States,America/Phoenix
Female,United States,America/Los_Angeles
Male,United States,America/Chicago
Male,United States,America/Chicago
Male,United States,America/Indiana/Indianapolis
Male,United States,America/Detroit
Male,United States,America/Chicago
Female,United States,America/Los_Angeles
Female,United States,America/New_York
Female,United States,America/Chicago
Male,United States,America/Chicago
Female,United States,America/Chicago
Female,United States,America/New_York
Male,United States,America/New_York
Male,United States,America/Los_Angeles
Female,United States,America/Phoenix
Male,United States,America/Chicago
Male,United States,America/Los_Angeles
Female,United States,America/New_York
Male,United States,America/Chicago
Male,United States,America/Chicago
Male,United States,America/New_York
Female,United States,America/New_York
Male,United States,America/Los_Angeles
Female,United States,America/Phoenix
Male,United States,America/Chicago
Female,United States,America/Phoenix
Male,United States,America/New_York
Male,United States,America/New_York
Female,United States,America/New_York
Female,United States,America/Los_Angeles
Male,United States,America/New_York
Female,United States,America/New_York
Male,United States,America/Los_Angeles
Female,United States,America/Chicago
Male,United States,America/New_York
Female,United States,America/New_York
Female,United States,America/Chicago
Male,United States,America/Los_Angeles
Male,United States,America/New_York
Male,United States,America/Los_Angeles
Male,United States,America/Denver
Male,United States,America/New_York
Female,United States,America/Detroit
Male,United States,America/New_York
Male,United States,America/New_York
Male,United States,America/New_York
Female,United States,America/Los_Angeles
Male,United States,America/Chicago
Female,United States,America/New_York
Female,United States,America/New_York
Male,United States,America/Chicago
Female,United States,America/Chicago
Male,United States,America/Chicago
Female,United States,America/Boise
Male,United States,America/New_York
Female,United States,America/Chicago
Female,United States,America/Los_Angeles
Male,United States,America/Los_Angeles
Male,United States,America/New_York
Male,United States,America/New_York
Male,United States,America/Denver
Male,United States,America/Chicago
Male,United States,America/Chicago
Female,United States,America/Chicago
Male,United States,America/Los_Angeles
Male,United States,America/New_York
Male,United States,America/Los_Angeles
Male,United States,America/Chicago
Female,United States,Pacific/Honolulu
Female,United States,America/Chicago
Female,United States,America/Los_Angeles
Male,United States,America/Chicago
Female,United States,America/Chicago
Male,United States,America/Chicago
Male,United States,America/Chicago
Female,United States,America/Chicago
Female,United States,America/Chicago
Female,United States,America/New_York
Male,United States,America/Los_Angeles
Male,United States,America/New_York
Male,United States,America/New_York
Female,United States,America/New_York
Female,United States,America/New_York
Male,United States,America/Chicago
Male,United States,America/Chicago
Male,United States,America/Indiana/Indianapolis
Male,United States,America/New_York
Female,United States,America/New_York
Male,United States,America/Chicago
Male,United States,America/Chicago
Female,United States,America/New_York
Male,United States,America/Chicago
Male,United States,America/New_York
Male,United States,America/Los_Angeles
Female,United States,America/New_York
Male,United States,America/Phoenix
Male,United States,America/Chicago
Female,United States,America/Los_Angeles
Male,United States,America/Chicago
Female,United States,America/Chicago
Female,United States,America/Los_Angeles
Female,United States,America/Chicago
Male,United States,America/Phoenix
Male,United States,America/Chicago
Female,United States,America/New_York
Male,United States,America/Kentucky/Louisville
Female,United States,America/Chicago
Male,United States,America/New_York
Female,United States,America/New_York
Female,United States,America/Los_Angeles
Male,United States,America/Los_Angeles
Female,United States,America/New_York
Male,United States,America/New_York
Male,United States,America/Chicago
Female,United States,America/New_York
Male,United States,America/Los_Angeles
Female,United States,America/Chicago
Female,United States,America/New_York
Male,United States,America/Phoenix
Male,United States,America/Los_Angeles
Male,United States,America/New_York
Male,United States,America/Chicago
Female,United States,America/Chicago
Female,United States,America/New_York
Male,United States,America/Chicago
Male,United States,America/Chicago
Male,United States,America/New_York
Male,United States,America/Chicago
Male,United States,America/Chicago
Male,United States,America/Denver
Male,United States,America/Chicago
Male,United States,America/New_York
Male,United States,America/New_York
Male,United States,America/Anchorage
Female,United States,America/New_York
Male,United States,America/Denver
Male,United States,America/New_York
Female,United States,America/Los_Angeles
Female,United States,America/New_York
Female,United States,America/Denver
Female,United States,America/Chicago
Male,United States,America/Chicago
Female,United States,America/New_York
Male,United States,America/Los_Angeles
Male,United States,America/New_York
Male,United States,America/New_York
Female,United States,America/Detroit
Female,United States,America/Chicago
Female,United States,America/Chicago
Male,United States,America/Chicago
Male,United States,America/Chicago
Male,United States,America/New_York
Male,United States,America/Chicago
Male,United States,America/New_York
Female,United States,America/Denver
Male,United States,America/Chicago
Female,United States,America/Chicago
Female,United States,America/New_York
Male,United States,America/Detroit
Male,United States,America/Los_Angeles
Female,United States,America/Denver
Female,United States,America/Los_Angeles
Female,United States,America/New_York
Male,United States,America/Los_Angeles
Male,United States,America/New_York
Male,United States,America/Chicago
Male,United States,America/New_York
Female,United States,America/New_York
Female,United States,America/Chicago
Female,United States,America/Chicago
Male,United States,America/Chicago
Male,United States,America/Phoenix
Female,United States,America/Chicago
Female,United States,America/New_York
Female,United States,America/Los_Angeles
Female,United States,America/Los_Angeles
Female,United States,America/New_York
Male,United States,America/Los_Angeles
Male,United States,America/Denver
Female,United States,America/Chicago
Male,United States,America/Los_Angeles
Male,United States,America/New_York
Female,United States,America/Denver
Female,United States,America/Chicago
Male,United States,America/New_York
Female,United States,America/Chicago
Female,United States,America/Los_Angeles
Female,United States,America/New_York
Female,United States,America/New_York
Female,United States,America/Los_Angeles
Female,United States,America/Chicago
Male,United States,America/New_York
Female,United States,America/Chicago
Female,United States,America/Chicago
Male,United States,America/New_York
Male,United States,America/Chicago
Female,United States,America/Chicago
Male,United States,America/Los_Angeles
Male,United States,America/Los_Angeles
Female,United States,America/New_York
Female,United States,America/Chicago
Female,United States,America/Los_Angeles
Male,United States,America/New_York
Male,United States,America/New_York
Male,United States,America/New_York
Male,United States,America/Chicago
Male,United States,America/New_York
Female,United States,America/New_York
Female,United States,America/Chicago
Male,United States,America/New_York
Female,United States,America/Chicago
Female,United States,America/Chicago
Female,United States,America/New_York
Male,United States,America/Los_Angeles
Male,United States,America/Los_Angeles
Female,United States,America/Denver
Male,United States,America/Los_Angeles
Female,United States,America/Los_Angeles
Female,United States,America/Chicago
Female,United States,America/New_York
Female,United States,America/New_York
Male,United States,America/New_York
Female,United States,America/New_York
Male,United States,America/New_York
Female,United States,America/Chicago
Male,United States,America/New_York
Male,United States,America/Los_Angeles
Female,United States,America/New_York
Male,United States,America/Chicago
Male,United States,America/Phoenix
Male,United States,America/New_York
Female,United States,America/New_York
Female,United States,America/Chicago
Male,United States,America/Chicago
Male,United States,America/Los_Angeles
Female,United States,America/Denver
Male,United States,America/Chicago
Male,United States,America/Chicago
Male,United States,America/New_York
Male,United States,America/New_York
Female,United States,America/Los_Angeles
Female,United States,America/Los_Angeles
Male,United States,America/Los_Angeles
Male,United States,America/New_York
Male,United States,America/New_York
Male,United States,America/New_York
Male,United States,America/Kentucky/Louisville
Male,United States,America/New_York
Female,United States,America/New_York
Male,United States,America/Los_Angeles
Male,United States,America/Chicago
Male,United States,America/Los_Angeles
Female,United States,America/Chicago
Female,United States,America/Chicago
Female,United States,America/Chicago
Male,United States,America/Kentucky/Louisville
Male,United States,America/Los_Angeles
Male,United States,America/Chicago
Female,United States,America/Chicago
Male,United States,America/Chicago
Male,United States,America/New_York
Male,United States,America/Los_Angeles
Male,United States,America/Denver
Female,United States,America/Los_Angeles
Male,United States,America/New_York
Female,United States,America/Los_Angeles
Male,United States,America/Chicago
Female,United States,America/Chicago
Female,United States,America/Detroit
Female,United States,America/New_York
Male,United States,America/New_York
Female,United States,America/Los_Angeles
Female,United States,America/Chicago
Male,United States,America/New_York
Female,United States,America/New_York
Female,United States,America/Phoenix
Male,United States,America/Los_Angeles
Male,United States,America/New_York
Female,United States,America/Chicago
Male,United States,America/New_York
Male,United States,America/Chicago
Female,United States,America/Chicago
Male,United States,America/Chicago
Male,United States,America/Chicago
Female,United States,America/Los_Angeles
Female,United States,America/Los_Angeles
Male,United States,America/Chicago
Male,United States,America/Chicago
Female,United States,America/New_York
Male,United States,America/Chicago
Male,United States,America/Denver
Male,United States,America/New_York
Female,United States,America/New_York
Female,United States,America/Los_Angeles
Male,United States,America/Los_Angeles
Male,United States,America/Chicago
Male,United States,America/New_York
Female,United States,America/Kentucky/Louisville
Male,United States,America/New_York
Female,United States,America/New_York
Female,United States,America/Chicago
Female,United States,America/Chicago
Female,United States,America/New_York
Male,United States,America/Chicago
Male,United States,America/New_York
Male,United States,America/Denver
Male,United States,America/Denver
Female,United States,America/New_York
Male,United States,America/New_York
Female,United States,America/Chicago
Male,United States,America/Chicago
Male,United States,America/New_York
Male,United States,America/Chicago
Female,United States,America/Denver
Female,United States,America/Chicago
Female,United States,America/Los_Angeles
Male,United States,America/New_York
Male,United States,America/New_York
Female,United States,America/Chicago
Female,United States,America/Los_Angeles
Male,United States,America/Los_Angeles
Female,United States,America/New_York
Female,United States,America/Denver
Female,United States,America/Chicago
Male,United States,America/New_York
Male,United States,America/New_York
Female,United States,America/New_York
Male,United States,America/New_York
Male,United States,America/New_York
Male,United States,America/New_York
Female,United States,America/Los_Angeles
Male,United States,America/Los_Angeles
Male,United States,America/New_York
Male,United States,America/Indiana/Indianapolis
Male,United States,America/New_York
Female,United States,America/New_York
Female,United States,America/Detroit
Male,United States,America/New_York
Female,United States,America/New_York
Male,United States,America/New_York
Female,United States,America/Denver
Female,United States,America/Chicago
Male,United States,America/Chicago
Male,United States,America/New_York
Male,United States,America/Chicago
Female,United States,America/New_York
Female,United States,America/New_York
Male,United States,America/Chicago
Female,United States,America/New_York
Female,United States,America/Los_Angeles
Male,United States,America/New_York
Female,United States,America/Chicago
Male,United States,America/Chicago
Male,United States,America/Chicago
Male,United States,America/Chicago
Male,United States,America/Los_Angeles
Male,United States,America/Phoenix
Female,United States,America/Chicago
Male,United States,America/Chicago
Female,United States,America/Chicago
Female,United States,America/Chicago
Female,United States,America/Los_Angeles
Male,United States,America/Chicago
Female,United States,America/Phoenix
Female,United States,America/New_York
Female,United States,America/New_York
Male,United States,America/Los_Angeles
Male,United States,America/Chicago
Female,United States,America/Los_Angeles
Female,United States,America/Chicago
Female,United States,America/New_York
Male,United States,America/New_York
Female,United States,America/New_York
Male,United States,America/New_York
Male,United States,America/New_York
Male,United States,America/Kentucky/Louisville
Female,United States,America/Los_Angeles
Male,United States,America/Los_Angeles
Male,United States,America/Chicago
Female,United States,America/Los_Angeles
Female,United States,America/Chicago
Male,United States,America/Chicago
Male,United States,America/New_York
Male,United States,America/Chicago
Male,United States,America/Detroit
Male,United States,America/New_York
Male,United States,America/Los_Angeles
Male,United States,America/New_York
Male,United States,America/Indiana/Indianapolis
Female,United States,America/New_York
Male,United States,America/New_York
Male,United States,America/New_York
Male,United States,America/New_York
Female,United States,America/Chicago
Male,United States,America/New_York
Male,United States,America/New_York
Male,United States,America/New_York
Female,United States,America/New_York
Male,United States,America/New_York
Female,United States,America/New_York
Female,United States,America/New_York
Female,United States,America/New_York
Male,United States,America/Chicago
Male,United States,America/Chicago
Female,United States,America/New_York
Female,United States,America/Chicago
Male,United States,America/New_York
Male,United States,America/Chicago
Female,United States,America/Denver
Female,United States,America/Denver
Female,United States,America/Los_Angeles
Female,United States,America/Los_Angeles
Female,United States,America/Los_Angeles
Female,United States,America/Kentucky/Louisville
Male,United States,America/New_York
Male,United States,Pacific/Honolulu
Male,United States,America/New_York
Female,United States,America/Chicago
Male,United States,America/New_York
Male,United States,America/New_York
Male,United States,America/New_York
Male,United States,America/Chicago
Female,United States,America/Chicago
Female,United States,America/New_York
Female,United States,America/New_York
Female,United States,America/New_York
Male,United States,America/Los_Angeles
Male,United States,America/New_York
Male,United States,America/Detroit
Female,United States,America/Chicago
Female,United States,America/Chicago
Male,United States,America/Chicago
Female,United States,America/Denver
Male,United States,America/Phoenix
Female,United States,America/New_York
Female,United States,America/Los_Angeles
Female,United States,America/Los_Angeles
Female,United States,America/Los_Angeles
Male,United States,America/Chicago
Male,United States,America/Los_Angeles
Female,United States,America/New_York
Female,United States,America/Chicago
Female,United States,America/New_York
Female,United States,America/New_York
Female,United States,America/Los_Angeles
Male,United States,America/New_York
Male,United States,America/Kentucky/Louisville
Female,United States,America/New_York
Male,United States,America/Chicago
Male,United States,America/Chicago
Male,United States,America/Chicago
Male,United States,America/New_York
Female,United States,America/New_York
Male,United States,America/Los_Angeles
Female,United States,America/New_York
Male,United States,America/Los_Angeles
Male,United States,America/Denver
Female,United States,America/Chicago
Male,United States,America/Chicago
Female,United States,America/Chicago
Female,United States,America/Denver
Female,United States,America/New_York
Female,United States,America/Chicago
Male,United States,America/Los_Angeles
Female,United States,America/New_York
Male,United States,America/Chicago
Male,United States,America/New_York
Female,United States,America/New_York
Male,United States,America/New_York
Female,United States,America/Denver
Female,United States,America/New_York
Female,United States,America/Kentucky/Louisville
Male,United States,America/Phoenix
Male,United States,America/Los_Angeles
Female,United States,America/New_York
Male,United States,America/Los_Angeles
Male,United States,America/New_York
Male,United States,America/Chicago
Male,United States,America/New_York
Female,United States,America/New_York
Male,United States,America/Denver
Male,United States,America/New_York
Male,United States,America/New_York
Female,United States,America/Chicago
Female,United States,America/New_York
Male,United States,America/Chicago
Female,United States,America/New_York
Male,United States,America/New_York
Female,United States,America/Chicago
Female,United States,America/New_York
Female,United States,America/Chicago
Male,United States,America/Denver
Female,United States,America/New_York
Male,United States,America/Los_Angeles
Female,United States,America/Chicago
Male,United States,America/Los_Angeles
Male,United States,America/New_York
Male,United States,America/New_York
Female,United States,America/New_York
Female,United States,America/Los_Angeles
Female,United States,America/New_York
Male,United States,America/New_York
Male,United States,America/Chicago
Male,United States,America/New_York
Female,United States,America/Los_Angeles
Female,United States,America/New_York
Female,United States,America/New_York
Male,United States,America/New_York
Male,United States,America/Chicago
Male,United States,America/Chicago
Male,United States,America/New_York
Female,United States,America/Chicago
Female,United States,America/Detroit
Male,United States,Pacific/Honolulu
Male,United States,America/New_York
Female,United States,America/New_York
Male,United States,America/New_York
Female,United States,America/New_York
Female,United States,America/New_York
Female,United States,America/Indiana/Indianapolis
Male,United States,America/New_York
Male,United States,America/New_York
Female,United States,America/New_York
Male,United States,America/Los_Angeles
Male,United States,America/Chicago
Male,United States,America/New_York
Female,United States,America/New_York
Male,United States,America/New_York
Female,United States,America/Detroit
Male,United States,America/Chicago
Male,United States,America/Chicago
Male,United States,America/Chicago
Male,United States,America/Los_Angeles
Male,United States,America/Chicago
Male,United States,America/Chicago
Male,United States,America/New_York
Male,United States,America/Chicago
Male,United States,America/New_York
Female,United States,America/New_York
Female,United States,America/Chicago
Male,United States,America/New_York
Female,United States,America/New_York
Female,United States,Pacific/Honolulu
Female,United States,America/Chicago
Male,United States,America/New_York
Female,United States,America/New_York
Male,United States,America/New_York
Male,United States,America/New_York
Male,United States,America/New_York
Female,United States,America/Los_Angeles
Male,United States,America/Chicago
Male,United States,America/Los_Angeles
Female,United States,America/Chicago
Female,United States,America/Chicago
Male,United States,America/Chicago
Female,United States,America/Chicago
Female,United States,America/New_York
Male,United States,America/Los_Angeles
Female,United States,America/New_York
Male,United States,America/Chicago
Male,United States,America/Chicago
Male,United States,America/Denver
Male,United States,America/Los_Angeles
Female,United States,America/New_York
Male,United States,America/New_York
Female,United States,America/New_York
Female,United States,America/New_York
Female,United States,America/Phoenix
Female,United States,America/New_York
Female,United States,America/Chicago
Female,United States,America/Chicago
Male,United States,America/Los_Angeles
Male,United States,America/New_York
Male,United States,America/New_York
Male,United States,America/New_York
Male,United States,America/Chicago
Male,United States,America/New_York
Female,United States,America/New_York
Male,United States,America/New_York
Male,United States,America/Los_Angeles
Male,United States,America/New_York
Male,United States,America/New_York
Female,United States,America/New_York
Male,United States,America/Denver
Male,United States,America/Denver
Female,United States,America/New_York
Male,United States,America/Chicago
Female,United States,America/Detroit
Female,United States,America/New_York
Female,United States,America/Los_Angeles
Female,United States,America/Denver
Male,United States,America/Chicago
Male,United States,America/Chicago
Female,United States,America/Chicago
Male,United States,America/New_York
Female,United States,America/Chicago
Female,United States,America/New_York
Female,United States,America/New_York
Female,United States,America/New_York
Male,United States,America/New_York
Male,United States,America/New_York
Female,United States,America/New_York
Male,United States,America/New_York
Female,United States,America/Chicago
Female,United States,America/New_York
Male,United States,America/Chicago
Male,United States,America/Chicago
Male,United States,America/New_York
Male,United States,America/New_York
Female,United States,America/Chicago
Male,United States,America/New_York
Male,United States,America/Chicago
Female,United States,America/Chicago
Female,United States,America/Chicago
Male,United States,America/Chicago
Female,United States,America/Chicago
Male,United States,America/Chicago
Male,United States,America/Chicago
Male,United States,America/Chicago
Male,United States,America/Chicago
Male,United States,Pacific/Honolulu
Male,United States,America/Los_Angeles
Female,United States,America/Chicago
Male,United States,America/New_York
Female,United States,America/New_York
Female,United States,America/Detroit
Male,United States,America/Chicago
Female,United States,America/Los_Angeles
Female,United States,America/Los_Angeles
Female,United States,America/Chicago
Male,United States,America/Chicago
Female,United States,America/Los_Angeles
Female,United States,America/Phoenix
Male,United States,America/New_York
Male,United States,America/New_York
Female,United States,America/Chicago
Male,United States,America/New_York
Female,United States,America/New_York
Male,United States,America/Chicago
Female,United States,America/Chicago
Female,United States,America/New_York
Female,United States,America/Chicago
Male,United States,America/New_York
Female,United States,America/Phoenix
Male,United States,America/New_York
Female,United States,America/Chicago
Male,United States,America/Denver
Female,United States,America/Chicago
Male,United States,America/Denver
Male,United States,America/Kentucky/Louisville
Male,United States,America/Denver
Female,United States,America/Phoenix
Female,United States,America/Denver
Female,United States,America/New_York
Male,United States,America/New_York
Female,United States,America/New_York
Female,United States,America/New_York
Male,United States,America/Los_Angeles
Female,United States,America/Los_Angeles
Male,United States,America/Los_Angeles
Male,United States,America/New_York
Male,United States,America/New_York
Male,United States,America/Detroit
Male,United States,America/Los_Angeles
Male,United States,America/New_York
Female,United States,America/Los_Angeles
Male,United States,America/Chicago
Male,United States,America/Chicago
Female,United States,America/Los_Angeles
Female,United States,America/New_York
Female,United States,America/Chicago
Female,United States,America/Chicago
Female,United States,America/New_York
Female,United States,America/New_York
Male,United States,America/Chicago
Male,United States,America/Phoenix
Female,United States,America/New_York
Male,United States,America/New_York
Female,United States,America/Los_Angeles
Female,United States,America/Phoenix
Male,United States,America/New_York
Male,United States,America/Kentucky/Louisville
Female,United States,America/New_York
Male,United States,America/New_York
Female,United States,America/Chicago
Female,United States,America/Denver
Female,United States,America/Chicago
Female,United States,America/Denver
Female,United States,America/New_York
Male,United States,America/Phoenix
Female,United States,America/New_York
Male,United States,America/New_York
Male,United States,America/New_York
Male,United States,America/Chicago
Male,United States,America/Chicago
Female,United States,Pacific/Honolulu
Male,United States,America/Chicago
Female,United States,America/New_York
Female,United States,America/New_York
Male,United States,America/Chicago
Male,United States,America/Chicago
Female,United States,America/New_York
Male,United States,America/Denver
Male,United States,America/Chicago
Female,United States,America/New_York
Female,United States,America/Chicago
Female,United States,America/Indiana/Indianapolis
Female,United States,America/New_York
Female,United States,America/New_York
Female,United States,America/New_York
Female,United States,America/Chicago
Female,United States,America/Chicago
Male,United States,America/New_York
Male,United States,America/New_York
Female,United States,America/New_York
Female,United States,America/Los_Angeles
Male,United States,America/Los_Angeles
Male,United States,America/New_York
Female,United States,America/New_York
Female,United States,America/New_York
Female,United States,America/New_York
Female,United States,America/New_York
Male,United States,America/New_York
Male,United States,America/Chicago
Female,United States,America/New_York
Male,United States,America/Detroit
Female,United States,America/New_York
Female,United States,America/Denver
Male,United States,America/Chicago
Male,United States,America/Chicago
Female,United States,America/Chicago
Female,United States,America/Los_Angeles
Male,United States,America/New_York
Female,United States,America/Chicago
Male,United States,America/Chicago
Female,United States,America/New_York
Male,United States,America/New_York
Female,United States,America/Los_Angeles
Male,United States,America/Denver
Male,United States,America/Denver
Male,United States,America/New_York
Male,United States,America/Chicago
Male,United States,America/Chicago
Female,United States,America/New_York
Female,United States,America/Phoenix
Female,United States,America/New_York
Female,United States,America/New_York
Male,United States,America/Chicago
Male,United States,America/Los_Angeles
Female,United States,America/New_York
Female,United States,America/New_York
Male,United States,America/New_York
Female,United States,America/Los_Angeles
Female,United States,America/New_York
Female,United States,America/Chicago
Male,United States,America/New_York
Female,United States,America/Denver
Female,United States,America/Chicago
Female,United States,America/New_York
Male,United States,America/New_York
Male,United States,America/New_York
Female,United States,America/Chicago
Male,United States,America/New_York
Male,United States,America/Chicago
Female,United States,America/Chicago
Male,United States,America/Chicago
Male,United States,America/Indiana/Indianapolis
Male,United States,America/Chicago
Male,United States,America/New_York
Female,United States,America/New_York
Female,United States,America/Phoenix
Male,United States,America/New_York
Male,United States,America/Chicago
Male,United States,America/Boise
Male,United States,America/Chicago
Female,United States,America/New_York
Male,United States,America/New_York
Female,United States,America/Los_Angeles
Male,United States,America/New_York
Male,United States,America/New_York
Female,United States,America/Los_Angeles
Female,United States,America/New_York
Female,United States,America/Chicago
Male,United States,America/New_York
Male,United States,America/New_York
Female,United States,America/Chicago
Female,United States,America/New_York
Male,United States,America/Chicago
Female,United States,America/Los_Angeles
Male,United States,America/Chicago
Female,United States,America/Chicago
Male,United States,America/New_York
Female,United States,America/Kentucky/Louisville
Male,United States,America/Los_Angeles
Male,United States,America/Los_Angeles
Female,United States,America/New_York
Male,United States,America/Chicago
Male,United States,America/New_York
Female,United States,America/New_York
Female,United States,America/New_York
Male,United States,America/New_York
Male,United States,America/Chicago
Male,United States,America/New_York
Male,United States,America/Chicago
Male,United States,America/Denver
Female,United States,America/Chicago
Male,United States,America/Chicago
Male,United States,America/New_York
Male,United States,America/Chicago
Female,United States,America/New_York
Male,United States,America/Chicago
Female,United States,America/Los_Angeles
Female,United States,America/New_York
Male,United States,America/Chicago
Female,United States,America/Chicago
Male,United States,America/New_York
Female,United States,America/Detroit
Male,United States,America/Chicago
Female,United States,America/New_York
Female,United States,America/Chicago
Female,United States,America/New_York
Male,United States,America/New_York
Female,United States,America/Los_Angeles
Female,United States,America/Los_Angeles
Female,United States,America/Chicago
Female,United States,America/New_York
Female,United States,America/New_York
Female,United States,America/Chicago
Male,United States,America/New_York
Female,United States,America/Los_Angeles
Male,United States,America/New_York
Female,United States,America/New_York
Male,United States,America/Phoenix
Male,United States,America/Chicago
Male,United States,America/New_York
Female,United States,America/New_York
Male,United States,America/New_York
Male,United States,America/Phoenix
Male,United States,America/New_York
Male,United States,America/New_York
Female,United States,America/Chicago
Female,United States,America/New_York
Female,United States,America/New_York
Female,United States,America/Los_Angeles
Male,United States,America/Chicago
Male,United States,America/Chicago
Female,United States,America/New_York
Male,United States,America/Denver
Female,United States,America/New_York
Male,United States,America/Phoenix
Female,United States,America/Chicago
Female,United States,America/Chicago
Male,United States,America/New_York
Female,United States,America/New_York
Male,United States,America/Chicago
Female,United States,America/Denver
Female,United States,America/Chicago
Female,United States,America/Chicago
Female,United States,America/Phoenix
Female,United States,America/New_York
Male,United States,America/Chicago
Female,United States,America/New_York
Female,United States,America/Chicago
Female,United States,America/New_York
Male,United States,America/Chicago
